strength,BakingTime
37.6,0.798922
38.6,0.84902
37.2,0.816163
36.4,0.758266
38.6,0.815894
39,0.807477
37.2,0.809068
36.1,0.7664
35.9,0.742243
37.1,0.751118
36.9,0.740629
37.5,0.751495
36.3,0.738863
38.1,0.827428
39,0.818172
36.9,0.740939
36.8,0.757128
37.6,0.804695
33,0.695121
33.5,0.735377
